timestamp;load;source
2026-01-01 00:00;819,18;Holiday: Neujahr from 2024-01-01
2026-01-01 00:15;682,89;Holiday: Neujahr from 2024-01-01
2026-01-01 00:30;670,66;Holiday: Neujahr from 2024-01-01
2026-01-01 00:45;868,35;Holiday: Neujahr from 2024-01-01
2026-01-01 01:00;820,49;Holiday: Neujahr from 2024-01-01
2026-01-01 01:15;758,68;Holiday: Neujahr from 2024-01-01
2026-01-01 01:30;732,64;Holiday: Neujahr from 2024-01-01
2026-01-01 01:45;806,57;Holiday: Neujahr from 2024-01-01
2026-01-01 02:00;686,73;Holiday: Neujahr from 2024-01-01
2026-01-01 02:15;884,64;Holiday: Neujahr from 2024-01-01
2026-01-01 02:30;758,83;Holiday: Neujahr from 2024-01-01
2026-01-01 02:45;855,08;Holiday: Neujahr from 2024-01-01
2026-01-01 03:00;745,28;Holiday: Neujahr from 2024-01-01
2026-01-01 03:15;738,57;Holiday: Neujahr from 2024-01-01
2026-01-01 03:30;831,71;Holiday: Neujahr from 2024-01-01
2026-01-01 03:45;782,00;Holiday: Neujahr from 2024-01-01
2026-01-01 04:00;844,09;Holiday: Neujahr from 2024-01-01
2026-01-01 04:15;737,94;Holiday: Neujahr from 2024-01-01
2026-01-01 04:30;817,72;Holiday: Neujahr from 2024-01-01
2026-01-01 04:45;750,48;Holiday: Neujahr from 2024-01-01
2026-01-01 05:00;831,89;Holiday: Neujahr from 2024-01-01
2026-01-01 05:15;782,40;Holiday: Neujahr from 2024-01-01
2026-01-01 05:30;740,78;Holiday: Neujahr from 2024-01-01
2026-01-01 05:45;796,36;Holiday: Neujahr from 2024-01-01
2026-01-01 06:00;771,16;Holiday: Neujahr from 2024-01-01
2026-01-01 06:15;817,55;Holiday: Neujahr from 2024-01-01
2026-01-01 06:30;805,37;Holiday: Neujahr from 2024-01-01
2026-01-01 06:45;815,78;Holiday: Neujahr from 2024-01-01
2026-01-01 07:00;1119,92;Holiday: Neujahr from 2024-01-01
2026-01-01 07:15;1209,59;Holiday: Neujahr from 2024-01-01
2026-01-01 07:30;1175,14;Holiday: Neujahr from 2024-01-01
2026-01-01 07:45;1220,10;Holiday: Neujahr from 2024-01-01
2026-01-01 08:00;1240,13;Holiday: Neujahr from 2024-01-01
2026-01-01 08:15;1325,02;Holiday: Neujahr from 2024-01-01
2026-01-01 08:30;1372,24;Holiday: Neujahr from 2024-01-01
2026-01-01 08:45;1382,01;Holiday: Neujahr from 2024-01-01
2026-01-01 09:00;1380,24;Holiday: Neujahr from 2024-01-01
2026-01-01 09:15;1423,00;Holiday: Neujahr from 2024-01-01
2026-01-01 09:30;1335,95;Holiday: Neujahr from 2024-01-01
2026-01-01 09:45;1458,21;Holiday: Neujahr from 2024-01-01
2026-01-01 10:00;1287,68;Holiday: Neujahr from 2024-01-01
2026-01-01 10:15;1376,81;Holiday: Neujahr from 2024-01-01
2026-01-01 10:30;1409,92;Holiday: Neujahr from 2024-01-01
2026-01-01 10:45;1420,45;Holiday: Neujahr from 2024-01-01
2026-01-01 11:00;1483,26;Holiday: Neujahr from 2024-01-01
2026-01-01 11:15;1473,27;Holiday: Neujahr from 2024-01-01
2026-01-01 11:30;1476,41;Holiday: Neujahr from 2024-01-01
2026-01-01 11:45;1484,79;Holiday: Neujahr from 2024-01-01
2026-01-01 12:00;1476,86;Holiday: Neujahr from 2024-01-01
2026-01-01 12:15;1469,66;Holiday: Neujahr from 2024-01-01
2026-01-01 12:30;1457,05;Holiday: Neujahr from 2024-01-01
2026-01-01 12:45;1441,39;Holiday: Neujahr from 2024-01-01
2026-01-01 13:00;1466,72;Holiday: Neujahr from 2024-01-01
2026-01-01 13:15;1459,88;Holiday: Neujahr from 2024-01-01
2026-01-01 13:30;1489,42;Holiday: Neujahr from 2024-01-01
2026-01-01 13:45;1524,63;Holiday: Neujahr from 2024-01-01
2026-01-01 14:00;1400,57;Holiday: Neujahr from 2024-01-01
2026-01-01 14:15;1507,60;Holiday: Neujahr from 2024-01-01
2026-01-01 14:30;1480,79;Holiday: Neujahr from 2024-01-01
2026-01-01 14:45;1465,29;Holiday: Neujahr from 2024-01-01
2026-01-01 15:00;1516,15;Holiday: Neujahr from 2024-01-01
2026-01-01 15:15;1405,95;Holiday: Neujahr from 2024-01-01
2026-01-01 15:30;1473,01;Holiday: Neujahr from 2024-01-01
2026-01-01 15:45;1343,30;Holiday: Neujahr from 2024-01-01
2026-01-01 16:00;1452,48;Holiday: Neujahr from 2024-01-01
2026-01-01 16:15;1356,34;Holiday: Neujahr from 2024-01-01
2026-01-01 16:30;1431,28;Holiday: Neujahr from 2024-01-01
2026-01-01 16:45;1368,30;Holiday: Neujahr from 2024-01-01
2026-01-01 17:00;1268,16;Holiday: Neujahr from 2024-01-01
2026-01-01 17:15;1276,14;Holiday: Neujahr from 2024-01-01
2026-01-01 17:30;1254,20;Holiday: Neujahr from 2024-01-01
2026-01-01 17:45;1309,14;Holiday: Neujahr from 2024-01-01
2026-01-01 18:00;1255,51;Holiday: Neujahr from 2024-01-01
2026-01-01 18:15;1227,28;Holiday: Neujahr from 2024-01-01
2026-01-01 18:30;1201,28;Holiday: Neujahr from 2024-01-01
2026-01-01 18:45;1257,18;Holiday: Neujahr from 2024-01-01
2026-01-01 19:00;1209,82;Holiday: Neujahr from 2024-01-01
2026-01-01 19:15;865,46;Holiday: Neujahr from 2024-01-01
2026-01-01 19:30;774,99;Holiday: Neujahr from 2024-01-01
2026-01-01 19:45;829,33;Holiday: Neujahr from 2024-01-01
2026-01-01 20:00;785,06;Holiday: Neujahr from 2024-01-01
2026-01-01 20:15;812,81;Holiday: Neujahr from 2024-01-01
2026-01-01 20:30;815,85;Holiday: Neujahr from 2024-01-01
2026-01-01 20:45;822,89;Holiday: Neujahr from 2024-01-01
2026-01-01 21:00;838,91;Holiday: Neujahr from 2024-01-01
2026-01-01 21:15;889,83;Holiday: Neujahr from 2024-01-01
2026-01-01 21:30;793,81;Holiday: Neujahr from 2024-01-01
2026-01-01 21:45;739,54;Holiday: Neujahr from 2024-01-01
2026-01-01 22:00;750,77;Holiday: Neujahr from 2024-01-01
2026-01-01 22:15;767,10;Holiday: Neujahr from 2024-01-01
2026-01-01 22:30;888,74;Holiday: Neujahr from 2024-01-01
2026-01-01 22:45;836,23;Holiday: Neujahr from 2024-01-01
2026-01-01 23:00;817,48;Holiday: Neujahr from 2024-01-01
2026-01-01 23:15;818,89;Holiday: Neujahr from 2024-01-01
2026-01-01 23:30;759,21;Holiday: Neujahr from 2024-01-01
2026-01-01 23:45;779,80;Holiday: Neujahr from 2024-01-01
2026-01-02 00:00;794,08;Normal day from 2024-01-05
2026-01-02 00:15;812,47;Normal day from 2024-01-05
2026-01-02 00:30;856,71;Normal day from 2024-01-05
2026-01-02 00:45;763,20;Normal day from 2024-01-05
2026-01-02 01:00;815,19;Normal day from 2024-01-05
2026-01-02 01:15;832,56;Normal day from 2024-01-05
2026-01-02 01:30;780,64;Normal day from 2024-01-05
2026-01-02 01:45;856,64;Normal day from 2024-01-05
2026-01-02 02:00;755,38;Normal day from 2024-01-05
2026-01-02 02:15;799,68;Normal day from 2024-01-05
2026-01-02 02:30;786,30;Normal day from 2024-01-05
2026-01-02 02:45;818,75;Normal day from 2024-01-05
2026-01-02 03:00;778,56;Normal day from 2024-01-05
2026-01-02 03:15;715,95;Normal day from 2024-01-05
2026-01-02 03:30;769,16;Normal day from 2024-01-05
2026-01-02 03:45;863,61;Normal day from 2024-01-05
2026-01-02 04:00;799,92;Normal day from 2024-01-05
2026-01-02 04:15;813,44;Normal day from 2024-01-05
2026-01-02 04:30;811,19;Normal day from 2024-01-05
2026-01-02 04:45;801,49;Normal day from 2024-01-05
2026-01-02 05:00;745,60;Normal day from 2024-01-05
2026-01-02 05:15;818,40;Normal day from 2024-01-05
2026-01-02 05:30;763,54;Normal day from 2024-01-05
2026-01-02 05:45;877,83;Normal day from 2024-01-05
2026-01-02 06:00;811,06;Normal day from 2024-01-05
2026-01-02 06:15;693,83;Normal day from 2024-01-05
2026-01-02 06:30;812,21;Normal day from 2024-01-05
2026-01-02 06:45;882,18;Normal day from 2024-01-05
2026-01-02 07:00;1130,23;Normal day from 2024-01-05
2026-01-02 07:15;1119,37;Normal day from 2024-01-05
2026-01-02 07:30;1207,55;Normal day from 2024-01-05
2026-01-02 07:45;1285,80;Normal day from 2024-01-05
2026-01-02 08:00;1204,95;Normal day from 2024-01-05
2026-01-02 08:15;1356,44;Normal day from 2024-01-05
2026-01-02 08:30;1334,54;Normal day from 2024-01-05
2026-01-02 08:45;1372,35;Normal day from 2024-01-05
2026-01-02 09:00;1242,82;Normal day from 2024-01-05
2026-01-02 09:15;1259,70;Normal day from 2024-01-05
2026-01-02 09:30;1356,27;Normal day from 2024-01-05
2026-01-02 09:45;1487,63;Normal day from 2024-01-05
2026-01-02 10:00;1359,91;Normal day from 2024-01-05
2026-01-02 10:15;1399,46;Normal day from 2024-01-05
2026-01-02 10:30;1423,19;Normal day from 2024-01-05
2026-01-02 10:45;1500,22;Normal day from 2024-01-05
2026-01-02 11:00;1477,12;Normal day from 2024-01-05
2026-01-02 11:15;1541,25;Normal day from 2024-01-05
2026-01-02 11:30;1561,94;Normal day from 2024-01-05
2026-01-02 11:45;1479,04;Normal day from 2024-01-05
2026-01-02 12:00;1497,24;Normal day from 2024-01-05
2026-01-02 12:15;1443,74;Normal day from 2024-01-05
2026-01-02 12:30;1453,35;Normal day from 2024-01-05
2026-01-02 12:45;1427,74;Normal day from 2024-01-05
2026-01-02 13:00;1531,42;Normal day from 2024-01-05
2026-01-02 13:15;1456,02;Normal day from 2024-01-05
2026-01-02 13:30;1386,98;Normal day from 2024-01-05
2026-01-02 13:45;1477,63;Normal day from 2024-01-05
2026-01-02 14:00;1434,52;Normal day from 2024-01-05
2026-01-02 14:15;1507,99;Normal day from 2024-01-05
2026-01-02 14:30;1496,29;Normal day from 2024-01-05
2026-01-02 14:45;1452,30;Normal day from 2024-01-05
2026-01-02 15:00;1447,02;Normal day from 2024-01-05
2026-01-02 15:15;1459,78;Normal day from 2024-01-05
2026-01-02 15:30;1436,51;Normal day from 2024-01-05
2026-01-02 15:45;1504,14;Normal day from 2024-01-05
2026-01-02 16:00;1411,20;Normal day from 2024-01-05
2026-01-02 16:15;1327,31;Normal day from 2024-01-05
2026-01-02 16:30;1260,95;Normal day from 2024-01-05
2026-01-02 16:45;1400,10;Normal day from 2024-01-05
2026-01-02 17:00;1285,53;Normal day from 2024-01-05
2026-01-02 17:15;1214,35;Normal day from 2024-01-05
2026-01-02 17:30;1298,13;Normal day from 2024-01-05
2026-01-02 17:45;1211,04;Normal day from 2024-01-05
2026-01-02 18:00;1257,85;Normal day from 2024-01-05
2026-01-02 18:15;1294,82;Normal day from 2024-01-05
2026-01-02 18:30;1221,29;Normal day from 2024-01-05
2026-01-02 18:45;1140,46;Normal day from 2024-01-05
2026-01-02 19:00;1162,14;Normal day from 2024-01-05
2026-01-02 19:15;779,36;Normal day from 2024-01-05
2026-01-02 19:30;732,82;Normal day from 2024-01-05
2026-01-02 19:45;787,73;Normal day from 2024-01-05
2026-01-02 20:00;796,84;Normal day from 2024-01-05
2026-01-02 20:15;823,73;Normal day from 2024-01-05
2026-01-02 20:30;804,43;Normal day from 2024-01-05
2026-01-02 20:45;770,14;Normal day from 2024-01-05
2026-01-02 21:00;769,30;Normal day from 2024-01-05
2026-01-02 21:15;717,65;Normal day from 2024-01-05
2026-01-02 21:30;785,11;Normal day from 2024-01-05
2026-01-02 21:45;843,15;Normal day from 2024-01-05
2026-01-02 22:00;810,00;Normal day from 2024-01-05
2026-01-02 22:15;806,71;Normal day from 2024-01-05
2026-01-02 22:30;808,03;Normal day from 2024-01-05
2026-01-02 22:45;822,25;Normal day from 2024-01-05
2026-01-02 23:00;725,02;Normal day from 2024-01-05
2026-01-02 23:15;846,49;Normal day from 2024-01-05
2026-01-02 23:30;863,01;Normal day from 2024-01-05
2026-01-02 23:45;835,36;Normal day from 2024-01-05
2026-01-03 00:00;509,64;Weekend KW10 from 2024-03-09
2026-01-03 00:15;546,31;Weekend KW10 from 2024-03-09
2026-01-03 00:30;582,46;Weekend KW10 from 2024-03-09
2026-01-03 00:45;587,36;Weekend KW10 from 2024-03-09
2026-01-03 01:00;537,46;Weekend KW10 from 2024-03-09
2026-01-03 01:15;615,11;Weekend KW10 from 2024-03-09
2026-01-03 01:30;507,01;Weekend KW10 from 2024-03-09
2026-01-03 01:45;615,37;Weekend KW10 from 2024-03-09
2026-01-03 02:00;593,80;Weekend KW10 from 2024-03-09
2026-01-03 02:15;493,23;Weekend KW10 from 2024-03-09
2026-01-03 02:30;535,72;Weekend KW10 from 2024-03-09
2026-01-03 02:45;504,58;Weekend KW10 from 2024-03-09
2026-01-03 03:00;536,43;Weekend KW10 from 2024-03-09
2026-01-03 03:15;500,03;Weekend KW10 from 2024-03-09
2026-01-03 03:30;451,17;Weekend KW10 from 2024-03-09
2026-01-03 03:45;533,32;Weekend KW10 from 2024-03-09
2026-01-03 04:00;505,66;Weekend KW10 from 2024-03-09
2026-01-03 04:15;612,17;Weekend KW10 from 2024-03-09
2026-01-03 04:30;522,19;Weekend KW10 from 2024-03-09
2026-01-03 04:45;496,42;Weekend KW10 from 2024-03-09
2026-01-03 05:00;591,73;Weekend KW10 from 2024-03-09
2026-01-03 05:15;634,63;Weekend KW10 from 2024-03-09
2026-01-03 05:30;583,67;Weekend KW10 from 2024-03-09
2026-01-03 05:45;563,75;Weekend KW10 from 2024-03-09
2026-01-03 06:00;553,74;Weekend KW10 from 2024-03-09
2026-01-03 06:15;529,66;Weekend KW10 from 2024-03-09
2026-01-03 06:30;522,32;Weekend KW10 from 2024-03-09
2026-01-03 06:45;601,18;Weekend KW10 from 2024-03-09
2026-01-03 07:00;767,44;Weekend KW10 from 2024-03-09
2026-01-03 07:15;793,00;Weekend KW10 from 2024-03-09
2026-01-03 07:30;803,08;Weekend KW10 from 2024-03-09
2026-01-03 07:45;917,48;Weekend KW10 from 2024-03-09
2026-01-03 08:00;911,73;Weekend KW10 from 2024-03-09
2026-01-03 08:15;840,37;Weekend KW10 from 2024-03-09
2026-01-03 08:30;900,52;Weekend KW10 from 2024-03-09
2026-01-03 08:45;857,88;Weekend KW10 from 2024-03-09
2026-01-03 09:00;933,35;Weekend KW10 from 2024-03-09
2026-01-03 09:15;966,66;Weekend KW10 from 2024-03-09
2026-01-03 09:30;824,50;Weekend KW10 from 2024-03-09
2026-01-03 09:45;927,19;Weekend KW10 from 2024-03-09
2026-01-03 10:00;902,71;Weekend KW10 from 2024-03-09
2026-01-03 10:15;1000,75;Weekend KW10 from 2024-03-09
2026-01-03 10:30;917,92;Weekend KW10 from 2024-03-09
2026-01-03 10:45;1082,72;Weekend KW10 from 2024-03-09
2026-01-03 11:00;997,37;Weekend KW10 from 2024-03-09
2026-01-03 11:15;1003,64;Weekend KW10 from 2024-03-09
2026-01-03 11:30;1018,64;Weekend KW10 from 2024-03-09
2026-01-03 11:45;991,27;Weekend KW10 from 2024-03-09
2026-01-03 12:00;972,04;Weekend KW10 from 2024-03-09
2026-01-03 12:15;1015,02;Weekend KW10 from 2024-03-09
2026-01-03 12:30;974,16;Weekend KW10 from 2024-03-09
2026-01-03 12:45;966,67;Weekend KW10 from 2024-03-09
2026-01-03 13:00;967,54;Weekend KW10 from 2024-03-09
2026-01-03 13:15;1078,96;Weekend KW10 from 2024-03-09
2026-01-03 13:30;1066,89;Weekend KW10 from 2024-03-09
2026-01-03 13:45;1029,03;Weekend KW10 from 2024-03-09
2026-01-03 14:00;995,63;Weekend KW10 from 2024-03-09
2026-01-03 14:15;1019,45;Weekend KW10 from 2024-03-09
2026-01-03 14:30;1035,61;Weekend KW10 from 2024-03-09
2026-01-03 14:45;1004,29;Weekend KW10 from 2024-03-09
2026-01-03 15:00;1119,06;Weekend KW10 from 2024-03-09
2026-01-03 15:15;998,86;Weekend KW10 from 2024-03-09
2026-01-03 15:30;965,25;Weekend KW10 from 2024-03-09
2026-01-03 15:45;945,42;Weekend KW10 from 2024-03-09
2026-01-03 16:00;955,93;Weekend KW10 from 2024-03-09
2026-01-03 16:15;895,89;Weekend KW10 from 2024-03-09
2026-01-03 16:30;955,03;Weekend KW10 from 2024-03-09
2026-01-03 16:45;983,14;Weekend KW10 from 2024-03-09
2026-01-03 17:00;943,56;Weekend KW10 from 2024-03-09
2026-01-03 17:15;846,69;Weekend KW10 from 2024-03-09
2026-01-03 17:30;917,45;Weekend KW10 from 2024-03-09
2026-01-03 17:45;871,65;Weekend KW10 from 2024-03-09
2026-01-03 18:00;899,01;Weekend KW10 from 2024-03-09
2026-01-03 18:15;848,45;Weekend KW10 from 2024-03-09
2026-01-03 18:30;875,42;Weekend KW10 from 2024-03-09
2026-01-03 18:45;828,41;Weekend KW10 from 2024-03-09
2026-01-03 19:00;772,58;Weekend KW10 from 2024-03-09
2026-01-03 19:15;596,45;Weekend KW10 from 2024-03-09
2026-01-03 19:30;593,98;Weekend KW10 from 2024-03-09
2026-01-03 19:45;574,82;Weekend KW10 from 2024-03-09
2026-01-03 20:00;497,02;Weekend KW10 from 2024-03-09
2026-01-03 20:15;462,77;Weekend KW10 from 2024-03-09
2026-01-03 20:30;577,58;Weekend KW10 from 2024-03-09
2026-01-03 20:45;532,16;Weekend KW10 from 2024-03-09
2026-01-03 21:00;521,72;Weekend KW10 from 2024-03-09
2026-01-03 21:15;524,21;Weekend KW10 from 2024-03-09
2026-01-03 21:30;543,21;Weekend KW10 from 2024-03-09
2026-01-03 21:45;592,19;Weekend KW10 from 2024-03-09
2026-01-03 22:00;639,53;Weekend KW10 from 2024-03-09
2026-01-03 22:15;548,72;Weekend KW10 from 2024-03-09
2026-01-03 22:30;596,22;Weekend KW10 from 2024-03-09
2026-01-03 22:45;478,32;Weekend KW10 from 2024-03-09
2026-01-03 23:00;473,42;Weekend KW10 from 2024-03-09
2026-01-03 23:15;527,77;Weekend KW10 from 2024-03-09
2026-01-03 23:30;636,90;Weekend KW10 from 2024-03-09
2026-01-03 23:45;588,98;Weekend KW10 from 2024-03-09
2026-01-04 00:00;591,45;Weekend KW1 from 2024-01-07
2026-01-04 00:15;655,82;Weekend KW1 from 2024-01-07
2026-01-04 00:30;547,07;Weekend KW1 from 2024-01-07
2026-01-04 00:45;703,86;Weekend KW1 from 2024-01-07
2026-01-04 01:00;645,86;Weekend KW1 from 2024-01-07
2026-01-04 01:15;639,90;Weekend KW1 from 2024-01-07
2026-01-04 01:30;699,94;Weekend KW1 from 2024-01-07
2026-01-04 01:45;706,03;Weekend KW1 from 2024-01-07
2026-01-04 02:00;624,36;Weekend KW1 from 2024-01-07
2026-01-04 02:15;600,62;Weekend KW1 from 2024-01-07
2026-01-04 02:30;587,29;Weekend KW1 from 2024-01-07
2026-01-04 02:45;639,78;Weekend KW1 from 2024-01-07
2026-01-04 03:00;745,81;Weekend KW1 from 2024-01-07
2026-01-04 03:15;680,52;Weekend KW1 from 2024-01-07
2026-01-04 03:30;690,68;Weekend KW1 from 2024-01-07
2026-01-04 03:45;652,24;Weekend KW1 from 2024-01-07
2026-01-04 04:00;675,68;Weekend KW1 from 2024-01-07
2026-01-04 04:15;644,51;Weekend KW1 from 2024-01-07
2026-01-04 04:30;700,26;Weekend KW1 from 2024-01-07
2026-01-04 04:45;597,01;Weekend KW1 from 2024-01-07
2026-01-04 05:00;736,01;Weekend KW1 from 2024-01-07
2026-01-04 05:15;651,24;Weekend KW1 from 2024-01-07
2026-01-04 05:30;677,27;Weekend KW1 from 2024-01-07
2026-01-04 05:45;743,06;Weekend KW1 from 2024-01-07
2026-01-04 06:00;626,55;Weekend KW1 from 2024-01-07
2026-01-04 06:15;665,57;Weekend KW1 from 2024-01-07
2026-01-04 06:30;632,25;Weekend KW1 from 2024-01-07
2026-01-04 06:45;672,23;Weekend KW1 from 2024-01-07
2026-01-04 07:00;985,27;Weekend KW1 from 2024-01-07
2026-01-04 07:15;943,58;Weekend KW1 from 2024-01-07
2026-01-04 07:30;960,49;Weekend KW1 from 2024-01-07
2026-01-04 07:45;960,75;Weekend KW1 from 2024-01-07
2026-01-04 08:00;999,90;Weekend KW1 from 2024-01-07
2026-01-04 08:15;1047,29;Weekend KW1 from 2024-01-07
2026-01-04 08:30;974,29;Weekend KW1 from 2024-01-07
2026-01-04 08:45;1148,88;Weekend KW1 from 2024-01-07
2026-01-04 09:00;1040,27;Weekend KW1 from 2024-01-07
2026-01-04 09:15;1106,49;Weekend KW1 from 2024-01-07
2026-01-04 09:30;1091,29;Weekend KW1 from 2024-01-07
2026-01-04 09:45;1147,36;Weekend KW1 from 2024-01-07
2026-01-04 10:00;1085,38;Weekend KW1 from 2024-01-07
2026-01-04 10:15;1162,42;Weekend KW1 from 2024-01-07
2026-01-04 10:30;1158,74;Weekend KW1 from 2024-01-07
2026-01-04 10:45;1156,74;Weekend KW1 from 2024-01-07
2026-01-04 11:00;1189,10;Weekend KW1 from 2024-01-07
2026-01-04 11:15;1236,02;Weekend KW1 from 2024-01-07
2026-01-04 11:30;1209,73;Weekend KW1 from 2024-01-07
2026-01-04 11:45;1165,31;Weekend KW1 from 2024-01-07
2026-01-04 12:00;1102,71;Weekend KW1 from 2024-01-07
2026-01-04 12:15;1211,17;Weekend KW1 from 2024-01-07
2026-01-04 12:30;1157,15;Weekend KW1 from 2024-01-07
2026-01-04 12:45;1184,48;Weekend KW1 from 2024-01-07
2026-01-04 13:00;1133,34;Weekend KW1 from 2024-01-07
2026-01-04 13:15;1301,45;Weekend KW1 from 2024-01-07
2026-01-04 13:30;1048,98;Weekend KW1 from 2024-01-07
2026-01-04 13:45;1167,66;Weekend KW1 from 2024-01-07
2026-01-04 14:00;1332,73;Weekend KW1 from 2024-01-07
2026-01-04 14:15;1157,54;Weekend KW1 from 2024-01-07
2026-01-04 14:30;1165,31;Weekend KW1 from 2024-01-07
2026-01-04 14:45;1123,09;Weekend KW1 from 2024-01-07
2026-01-04 15:00;1209,84;Weekend KW1 from 2024-01-07
2026-01-04 15:15;1188,17;Weekend KW1 from 2024-01-07
2026-01-04 15:30;1084,11;Weekend KW1 from 2024-01-07
2026-01-04 15:45;1086,51;Weekend KW1 from 2024-01-07
2026-01-04 16:00;1171,39;Weekend KW1 from 2024-01-07
2026-01-04 16:15;1067,45;Weekend KW1 from 2024-01-07
2026-01-04 16:30;1091,01;Weekend KW1 from 2024-01-07
2026-01-04 16:45;1063,23;Weekend KW1 from 2024-01-07
2026-01-04 17:00;1120,13;Weekend KW1 from 2024-01-07
2026-01-04 17:15;1052,07;Weekend KW1 from 2024-01-07
2026-01-04 17:30;1124,29;Weekend KW1 from 2024-01-07
2026-01-04 17:45;1076,48;Weekend KW1 from 2024-01-07
2026-01-04 18:00;1005,89;Weekend KW1 from 2024-01-07
2026-01-04 18:15;1002,88;Weekend KW1 from 2024-01-07
2026-01-04 18:30;940,63;Weekend KW1 from 2024-01-07
2026-01-04 18:45;863,66;Weekend KW1 from 2024-01-07
2026-01-04 19:00;834,71;Weekend KW1 from 2024-01-07
2026-01-04 19:15;567,93;Weekend KW1 from 2024-01-07
2026-01-04 19:30;710,29;Weekend KW1 from 2024-01-07
2026-01-04 19:45;633,47;Weekend KW1 from 2024-01-07
2026-01-04 20:00;605,57;Weekend KW1 from 2024-01-07
2026-01-04 20:15;650,88;Weekend KW1 from 2024-01-07
2026-01-04 20:30;655,01;Weekend KW1 from 2024-01-07
2026-01-04 20:45;626,02;Weekend KW1 from 2024-01-07
2026-01-04 21:00;655,98;Weekend KW1 from 2024-01-07
2026-01-04 21:15;670,11;Weekend KW1 from 2024-01-07
2026-01-04 21:30;614,45;Weekend KW1 from 2024-01-07
2026-01-04 21:45;766,38;Weekend KW1 from 2024-01-07
2026-01-04 22:00;611,60;Weekend KW1 from 2024-01-07
2026-01-04 22:15;646,91;Weekend KW1 from 2024-01-07
2026-01-04 22:30;568,37;Weekend KW1 from 2024-01-07
2026-01-04 22:45;652,86;Weekend KW1 from 2024-01-07
2026-01-04 23:00;669,50;Weekend KW1 from 2024-01-07
2026-01-04 23:15;685,72;Weekend KW1 from 2024-01-07
2026-01-04 23:30;672,94;Weekend KW1 from 2024-01-07
2026-01-04 23:45;599,55;Weekend KW1 from 2024-01-07
2026-01-05 00:00;736,14;Normal day from 2024-01-08
2026-01-05 00:15;763,48;Normal day from 2024-01-08
2026-01-05 00:30;800,63;Normal day from 2024-01-08
2026-01-05 00:45;890,06;Normal day from 2024-01-08
2026-01-05 01:00;882,28;Normal day from 2024-01-08
2026-01-05 01:15;815,23;Normal day from 2024-01-08
2026-01-05 01:30;832,21;Normal day from 2024-01-08
2026-01-05 01:45;744,07;Normal day from 2024-01-08
2026-01-05 02:00;762,35;Normal day from 2024-01-08
2026-01-05 02:15;804,76;Normal day from 2024-01-08
2026-01-05 02:30;812,85;Normal day from 2024-01-08
2026-01-05 02:45;845,30;Normal day from 2024-01-08
2026-01-05 03:00;803,55;Normal day from 2024-01-08
2026-01-05 03:15;821,09;Normal day from 2024-01-08
2026-01-05 03:30;816,12;Normal day from 2024-01-08
2026-01-05 03:45;783,25;Normal day from 2024-01-08
2026-01-05 04:00;710,71;Normal day from 2024-01-08
2026-01-05 04:15;805,56;Normal day from 2024-01-08
2026-01-05 04:30;840,07;Normal day from 2024-01-08
2026-01-05 04:45;878,31;Normal day from 2024-01-08
2026-01-05 05:00;839,27;Normal day from 2024-01-08
2026-01-05 05:15;710,29;Normal day from 2024-01-08
2026-01-05 05:30;870,70;Normal day from 2024-01-08
2026-01-05 05:45;845,81;Normal day from 2024-01-08
2026-01-05 06:00;783,72;Normal day from 2024-01-08
2026-01-05 06:15;776,40;Normal day from 2024-01-08
2026-01-05 06:30;807,10;Normal day from 2024-01-08
2026-01-05 06:45;821,49;Normal day from 2024-01-08
2026-01-05 07:00;1128,99;Normal day from 2024-01-08
2026-01-05 07:15;1143,26;Normal day from 2024-01-08
2026-01-05 07:30;1226,94;Normal day from 2024-01-08
2026-01-05 07:45;1233,02;Normal day from 2024-01-08
2026-01-05 08:00;1156,81;Normal day from 2024-01-08
2026-01-05 08:15;1187,49;Normal day from 2024-01-08
2026-01-05 08:30;1329,45;Normal day from 2024-01-08
2026-01-05 08:45;1393,08;Normal day from 2024-01-08
2026-01-05 09:00;1313,93;Normal day from 2024-01-08
2026-01-05 09:15;1345,71;Normal day from 2024-01-08
2026-01-05 09:30;1356,81;Normal day from 2024-01-08
2026-01-05 09:45;1370,83;Normal day from 2024-01-08
2026-01-05 10:00;1331,58;Normal day from 2024-01-08
2026-01-05 10:15;1311,94;Normal day from 2024-01-08
2026-01-05 10:30;1391,75;Normal day from 2024-01-08
2026-01-05 10:45;1428,03;Normal day from 2024-01-08
2026-01-05 11:00;1480,67;Normal day from 2024-01-08
2026-01-05 11:15;1494,22;Normal day from 2024-01-08
2026-01-05 11:30;1456,03;Normal day from 2024-01-08
2026-01-05 11:45;1459,45;Normal day from 2024-01-08
2026-01-05 12:00;1494,59;Normal day from 2024-01-08
2026-01-05 12:15;1486,44;Normal day from 2024-01-08
2026-01-05 12:30;1503,11;Normal day from 2024-01-08
2026-01-05 12:45;1498,79;Normal day from 2024-01-08
2026-01-05 13:00;1460,20;Normal day from 2024-01-08
2026-01-05 13:15;1493,06;Normal day from 2024-01-08
2026-01-05 13:30;1459,65;Normal day from 2024-01-08
2026-01-05 13:45;1453,17;Normal day from 2024-01-08
2026-01-05 14:00;1493,38;Normal day from 2024-01-08
2026-01-05 14:15;1506,44;Normal day from 2024-01-08
2026-01-05 14:30;1416,01;Normal day from 2024-01-08
2026-01-05 14:45;1445,63;Normal day from 2024-01-08
2026-01-05 15:00;1406,19;Normal day from 2024-01-08
2026-01-05 15:15;1416,40;Normal day from 2024-01-08
2026-01-05 15:30;1482,63;Normal day from 2024-01-08
2026-01-05 15:45;1459,51;Normal day from 2024-01-08
2026-01-05 16:00;1260,60;Normal day from 2024-01-08
2026-01-05 16:15;1303,89;Normal day from 2024-01-08
2026-01-05 16:30;1331,04;Normal day from 2024-01-08
2026-01-05 16:45;1441,33;Normal day from 2024-01-08
2026-01-05 17:00;1413,46;Normal day from 2024-01-08
2026-01-05 17:15;1351,33;Normal day from 2024-01-08
2026-01-05 17:30;1301,46;Normal day from 2024-01-08
2026-01-05 17:45;1293,86;Normal day from 2024-01-08
2026-01-05 18:00;1306,97;Normal day from 2024-01-08
2026-01-05 18:15;1188,87;Normal day from 2024-01-08
2026-01-05 18:30;1206,70;Normal day from 2024-01-08
2026-01-05 18:45;1139,60;Normal day from 2024-01-08
2026-01-05 19:00;1182,73;Normal day from 2024-01-08
2026-01-05 19:15;830,73;Normal day from 2024-01-08
2026-01-05 19:30;789,64;Normal day from 2024-01-08
2026-01-05 19:45;814,72;Normal day from 2024-01-08
2026-01-05 20:00;810,93;Normal day from 2024-01-08
2026-01-05 20:15;786,10;Normal day from 2024-01-08
2026-01-05 20:30;822,48;Normal day from 2024-01-08
2026-01-05 20:45;762,56;Normal day from 2024-01-08
2026-01-05 21:00;727,96;Normal day from 2024-01-08
2026-01-05 21:15;771,21;Normal day from 2024-01-08
2026-01-05 21:30;792,06;Normal day from 2024-01-08
2026-01-05 21:45;914,81;Normal day from 2024-01-08
2026-01-05 22:00;738,36;Normal day from 2024-01-08
2026-01-05 22:15;811,26;Normal day from 2024-01-08
2026-01-05 22:30;816,38;Normal day from 2024-01-08
2026-01-05 22:45;826,45;Normal day from 2024-01-08
2026-01-05 23:00;747,71;Normal day from 2024-01-08
2026-01-05 23:15;790,77;Normal day from 2024-01-08
2026-01-05 23:30;751,36;Normal day from 2024-01-08
2026-01-05 23:45;742,03;Normal day from 2024-01-08
2026-01-06 00:00;600,39;Holiday: Heilige Drei Könige from 2024-01-06
2026-01-06 00:15;604,61;Holiday: Heilige Drei Könige from 2024-01-06
2026-01-06 00:30;583,12;Holiday: Heilige Drei Könige from 2024-01-06
2026-01-06 00:45;683,04;Holiday: Heilige Drei Könige from 2024-01-06
2026-01-06 01:00;664,61;Holiday: Heilige Drei Könige from 2024-01-06
2026-01-06 01:15;681,36;Holiday: Heilige Drei Könige from 2024-01-06
2026-01-06 01:30;701,91;Holiday: Heilige Drei Könige from 2024-01-06
2026-01-06 01:45;685,67;Holiday: Heilige Drei Könige from 2024-01-06
2026-01-06 02:00;608,16;Holiday: Heilige Drei Könige from 2024-01-06
2026-01-06 02:15;648,59;Holiday: Heilige Drei Könige from 2024-01-06
2026-01-06 02:30;678,50;Holiday: Heilige Drei Könige from 2024-01-06
2026-01-06 02:45;666,24;Holiday: Heilige Drei Könige from 2024-01-06
2026-01-06 03:00;670,64;Holiday: Heilige Drei Könige from 2024-01-06
2026-01-06 03:15;715,02;Holiday: Heilige Drei Könige from 2024-01-06
2026-01-06 03:30;666,57;Holiday: Heilige Drei Könige from 2024-01-06
2026-01-06 03:45;549,91;Holiday: Heilige Drei Könige from 2024-01-06
2026-01-06 04:00;583,69;Holiday: Heilige Drei Könige from 2024-01-06
2026-01-06 04:15;611,25;Holiday: Heilige Drei Könige from 2024-01-06
2026-01-06 04:30;656,02;Holiday: Heilige Drei Könige from 2024-01-06
2026-01-06 04:45;542,71;Holiday: Heilige Drei Könige from 2024-01-06
2026-01-06 05:00;578,13;Holiday: Heilige Drei Könige from 2024-01-06
2026-01-06 05:15;560,48;Holiday: Heilige Drei Könige from 2024-01-06
2026-01-06 05:30;612,03;Holiday: Heilige Drei Könige from 2024-01-06
2026-01-06 05:45;666,94;Holiday: Heilige Drei Könige from 2024-01-06
2026-01-06 06:00;612,75;Holiday: Heilige Drei Könige from 2024-01-06
2026-01-06 06:15;632,33;Holiday: Heilige Drei Könige from 2024-01-06
2026-01-06 06:30;631,26;Holiday: Heilige Drei Könige from 2024-01-06
2026-01-06 06:45;576,24;Holiday: Heilige Drei Könige from 2024-01-06
2026-01-06 07:00;881,93;Holiday: Heilige Drei Könige from 2024-01-06
2026-01-06 07:15;997,81;Holiday: Heilige Drei Könige from 2024-01-06
2026-01-06 07:30;888,17;Holiday: Heilige Drei Könige from 2024-01-06
2026-01-06 07:45;1076,80;Holiday: Heilige Drei Könige from 2024-01-06
2026-01-06 08:00;1032,48;Holiday: Heilige Drei Könige from 2024-01-06
2026-01-06 08:15;1043,32;Holiday: Heilige Drei Könige from 2024-01-06
2026-01-06 08:30;966,19;Holiday: Heilige Drei Könige from 2024-01-06
2026-01-06 08:45;1165,02;Holiday: Heilige Drei Könige from 2024-01-06
2026-01-06 09:00;1059,67;Holiday: Heilige Drei Könige from 2024-01-06
2026-01-06 09:15;1073,54;Holiday: Heilige Drei Könige from 2024-01-06
2026-01-06 09:30;1120,24;Holiday: Heilige Drei Könige from 2024-01-06
2026-01-06 09:45;1191,44;Holiday: Heilige Drei Könige from 2024-01-06
2026-01-06 10:00;1005,65;Holiday: Heilige Drei Könige from 2024-01-06
2026-01-06 10:15;1199,75;Holiday: Heilige Drei Könige from 2024-01-06
2026-01-06 10:30;1043,39;Holiday: Heilige Drei Könige from 2024-01-06
2026-01-06 10:45;1218,45;Holiday: Heilige Drei Könige from 2024-01-06
2026-01-06 11:00;1195,24;Holiday: Heilige Drei Könige from 2024-01-06
2026-01-06 11:15;1108,41;Holiday: Heilige Drei Könige from 2024-01-06
2026-01-06 11:30;1167,07;Holiday: Heilige Drei Könige from 2024-01-06
2026-01-06 11:45;1173,60;Holiday: Heilige Drei Könige from 2024-01-06
2026-01-06 12:00;1196,90;Holiday: Heilige Drei Könige from 2024-01-06
2026-01-06 12:15;1264,43;Holiday: Heilige Drei Könige from 2024-01-06
2026-01-06 12:30;1141,89;Holiday: Heilige Drei Könige from 2024-01-06
2026-01-06 12:45;1264,17;Holiday: Heilige Drei Könige from 2024-01-06
2026-01-06 13:00;1240,60;Holiday: Heilige Drei Könige from 2024-01-06
2026-01-06 13:15;1224,83;Holiday: Heilige Drei Könige from 2024-01-06
2026-01-06 13:30;1131,10;Holiday: Heilige Drei Könige from 2024-01-06
2026-01-06 13:45;1123,41;Holiday: Heilige Drei Könige from 2024-01-06
2026-01-06 14:00;1059,41;Holiday: Heilige Drei Könige from 2024-01-06
2026-01-06 14:15;1249,07;Holiday: Heilige Drei Könige from 2024-01-06
2026-01-06 14:30;1111,86;Holiday: Heilige Drei Könige from 2024-01-06
2026-01-06 14:45;1244,54;Holiday: Heilige Drei Könige from 2024-01-06
2026-01-06 15:00;1197,17;Holiday: Heilige Drei Könige from 2024-01-06
2026-01-06 15:15;1091,86;Holiday: Heilige Drei Könige from 2024-01-06
2026-01-06 15:30;1136,73;Holiday: Heilige Drei Könige from 2024-01-06
2026-01-06 15:45;1152,29;Holiday: Heilige Drei Könige from 2024-01-06
2026-01-06 16:00;1081,62;Holiday: Heilige Drei Könige from 2024-01-06
2026-01-06 16:15;1148,33;Holiday: Heilige Drei Könige from 2024-01-06
2026-01-06 16:30;1120,48;Holiday: Heilige Drei Könige from 2024-01-06
2026-01-06 16:45;1107,34;Holiday: Heilige Drei Könige from 2024-01-06
2026-01-06 17:00;952,12;Holiday: Heilige Drei Könige from 2024-01-06
2026-01-06 17:15;942,10;Holiday: Heilige Drei Könige from 2024-01-06
2026-01-06 17:30;1049,11;Holiday: Heilige Drei Könige from 2024-01-06
2026-01-06 17:45;933,80;Holiday: Heilige Drei Könige from 2024-01-06
2026-01-06 18:00;1000,46;Holiday: Heilige Drei Könige from 2024-01-06
2026-01-06 18:15;939,10;Holiday: Heilige Drei Könige from 2024-01-06
2026-01-06 18:30;1039,03;Holiday: Heilige Drei Könige from 2024-01-06
2026-01-06 18:45;889,95;Holiday: Heilige Drei Könige from 2024-01-06
2026-01-06 19:00;905,99;Holiday: Heilige Drei Könige from 2024-01-06
2026-01-06 19:15;586,32;Holiday: Heilige Drei Könige from 2024-01-06
2026-01-06 19:30;659,22;Holiday: Heilige Drei Könige from 2024-01-06
2026-01-06 19:45;673,67;Holiday: Heilige Drei Könige from 2024-01-06
2026-01-06 20:00;698,97;Holiday: Heilige Drei Könige from 2024-01-06
2026-01-06 20:15;672,22;Holiday: Heilige Drei Könige from 2024-01-06
2026-01-06 20:30;603,01;Holiday: Heilige Drei Könige from 2024-01-06
2026-01-06 20:45;677,68;Holiday: Heilige Drei Könige from 2024-01-06
2026-01-06 21:00;688,74;Holiday: Heilige Drei Könige from 2024-01-06
2026-01-06 21:15;692,21;Holiday: Heilige Drei Könige from 2024-01-06
2026-01-06 21:30;685,07;Holiday: Heilige Drei Könige from 2024-01-06
2026-01-06 21:45;675,26;Holiday: Heilige Drei Könige from 2024-01-06
2026-01-06 22:00;620,16;Holiday: Heilige Drei Könige from 2024-01-06
2026-01-06 22:15;578,23;Holiday: Heilige Drei Könige from 2024-01-06
2026-01-06 22:30;626,70;Holiday: Heilige Drei Könige from 2024-01-06
2026-01-06 22:45;665,21;Holiday: Heilige Drei Könige from 2024-01-06
2026-01-06 23:00;621,19;Holiday: Heilige Drei Könige from 2024-01-06
2026-01-06 23:15;626,30;Holiday: Heilige Drei Könige from 2024-01-06
2026-01-06 23:30;566,98;Holiday: Heilige Drei Könige from 2024-01-06
2026-01-06 23:45;623,67;Holiday: Heilige Drei Könige from 2024-01-06
2026-01-07 00:00;746,70;Normal day from 2024-01-10
2026-01-07 00:15;818,76;Normal day from 2024-01-10
2026-01-07 00:30;826,63;Normal day from 2024-01-10
2026-01-07 00:45;822,37;Normal day from 2024-01-10
2026-01-07 01:00;707,57;Normal day from 2024-01-10
2026-01-07 01:15;787,68;Normal day from 2024-01-10
2026-01-07 01:30;734,57;Normal day from 2024-01-10
2026-01-07 01:45;777,39;Normal day from 2024-01-10
2026-01-07 02:00;810,95;Normal day from 2024-01-10
2026-01-07 02:15;818,36;Normal day from 2024-01-10
2026-01-07 02:30;787,60;Normal day from 2024-01-10
2026-01-07 02:45;805,09;Normal day from 2024-01-10
2026-01-07 03:00;875,60;Normal day from 2024-01-10
2026-01-07 03:15;829,09;Normal day from 2024-01-10
2026-01-07 03:30;809,01;Normal day from 2024-01-10
2026-01-07 03:45;733,52;Normal day from 2024-01-10
2026-01-07 04:00;800,87;Normal day from 2024-01-10
2026-01-07 04:15;795,95;Normal day from 2024-01-10
2026-01-07 04:30;824,57;Normal day from 2024-01-10
2026-01-07 04:45;836,12;Normal day from 2024-01-10
2026-01-07 05:00;812,93;Normal day from 2024-01-10
2026-01-07 05:15;770,15;Normal day from 2024-01-10
2026-01-07 05:30;831,96;Normal day from 2024-01-10
2026-01-07 05:45;734,92;Normal day from 2024-01-10
2026-01-07 06:00;761,91;Normal day from 2024-01-10
2026-01-07 06:15;798,88;Normal day from 2024-01-10
2026-01-07 06:30;904,14;Normal day from 2024-01-10
2026-01-07 06:45;840,72;Normal day from 2024-01-10
2026-01-07 07:00;1081,58;Normal day from 2024-01-10
2026-01-07 07:15;1118,96;Normal day from 2024-01-10
2026-01-07 07:30;1169,26;Normal day from 2024-01-10
2026-01-07 07:45;1218,34;Normal day from 2024-01-10
2026-01-07 08:00;1318,55;Normal day from 2024-01-10
2026-01-07 08:15;1255,15;Normal day from 2024-01-10
2026-01-07 08:30;1368,49;Normal day from 2024-01-10
2026-01-07 08:45;1307,32;Normal day from 2024-01-10
2026-01-07 09:00;1350,28;Normal day from 2024-01-10
2026-01-07 09:15;1312,53;Normal day from 2024-01-10
2026-01-07 09:30;1350,89;Normal day from 2024-01-10
2026-01-07 09:45;1360,96;Normal day from 2024-01-10
2026-01-07 10:00;1351,18;Normal day from 2024-01-10
2026-01-07 10:15;1366,08;Normal day from 2024-01-10
2026-01-07 10:30;1460,30;Normal day from 2024-01-10
2026-01-07 10:45;1416,82;Normal day from 2024-01-10
2026-01-07 11:00;1541,44;Normal day from 2024-01-10
2026-01-07 11:15;1494,54;Normal day from 2024-01-10
2026-01-07 11:30;1441,81;Normal day from 2024-01-10
2026-01-07 11:45;1502,66;Normal day from 2024-01-10
2026-01-07 12:00;1545,95;Normal day from 2024-01-10
2026-01-07 12:15;1488,82;Normal day from 2024-01-10
2026-01-07 12:30;1556,83;Normal day from 2024-01-10
2026-01-07 12:45;1461,68;Normal day from 2024-01-10
2026-01-07 13:00;1515,16;Normal day from 2024-01-10
2026-01-07 13:15;1472,58;Normal day from 2024-01-10
2026-01-07 13:30;1472,00;Normal day from 2024-01-10
2026-01-07 13:45;1541,56;Normal day from 2024-01-10
2026-01-07 14:00;1400,82;Normal day from 2024-01-10
2026-01-07 14:15;1446,46;Normal day from 2024-01-10
2026-01-07 14:30;1418,83;Normal day from 2024-01-10
2026-01-07 14:45;1482,33;Normal day from 2024-01-10
2026-01-07 15:00;1480,74;Normal day from 2024-01-10
2026-01-07 15:15;1366,53;Normal day from 2024-01-10
2026-01-07 15:30;1402,47;Normal day from 2024-01-10
2026-01-07 15:45;1446,52;Normal day from 2024-01-10
2026-01-07 16:00;1440,06;Normal day from 2024-01-10
2026-01-07 16:15;1329,58;Normal day from 2024-01-10
2026-01-07 16:30;1418,82;Normal day from 2024-01-10
2026-01-07 16:45;1283,09;Normal day from 2024-01-10
2026-01-07 17:00;1301,28;Normal day from 2024-01-10
2026-01-07 17:15;1306,88;Normal day from 2024-01-10
2026-01-07 17:30;1309,07;Normal day from 2024-01-10
2026-01-07 17:45;1272,00;Normal day from 2024-01-10
2026-01-07 18:00;1191,43;Normal day from 2024-01-10
2026-01-07 18:15;1245,31;Normal day from 2024-01-10
2026-01-07 18:30;1157,04;Normal day from 2024-01-10
2026-01-07 18:45;1114,06;Normal day from 2024-01-10
2026-01-07 19:00;1217,75;Normal day from 2024-01-10
2026-01-07 19:15;804,26;Normal day from 2024-01-10
2026-01-07 19:30;841,82;Normal day from 2024-01-10
2026-01-07 19:45;836,13;Normal day from 2024-01-10
2026-01-07 20:00;847,08;Normal day from 2024-01-10
2026-01-07 20:15;808,94;Normal day from 2024-01-10
2026-01-07 20:30;861,86;Normal day from 2024-01-10
2026-01-07 20:45;874,43;Normal day from 2024-01-10
2026-01-07 21:00;741,90;Normal day from 2024-01-10
2026-01-07 21:15;814,02;Normal day from 2024-01-10
2026-01-07 21:30;817,63;Normal day from 2024-01-10
2026-01-07 21:45;807,37;Normal day from 2024-01-10
2026-01-07 22:00;760,89;Normal day from 2024-01-10
2026-01-07 22:15;820,27;Normal day from 2024-01-10
2026-01-07 22:30;792,25;Normal day from 2024-01-10
2026-01-07 22:45;843,76;Normal day from 2024-01-10
2026-01-07 23:00;813,13;Normal day from 2024-01-10
2026-01-07 23:15;787,70;Normal day from 2024-01-10
2026-01-07 23:30;878,97;Normal day from 2024-01-10
2026-01-07 23:45;866,89;Normal day from 2024-01-10